                  epoch,         train/box_loss,         train/cls_loss,         train/dfl_loss,   metrics/precision(B),      metrics/recall(B),       metrics/mAP50(B),    metrics/mAP50-95(B),           val/box_loss,           val/cls_loss,           val/dfl_loss,                 lr/pg0,                 lr/pg1,                 lr/pg2
                      1,                 1.0085,                 1.9452,                 1.2858,                0.72088,                0.55938,                0.65102,                0.46828,                0.97221,                 1.3259,                 1.3278,             0.00023465,             0.00023465,             0.00023465
                      2,                 1.0712,                 1.3946,                 1.2955,                0.62375,                 0.5776,                0.62639,                0.39645,                 1.1182,                 1.3743,                 1.4673,             0.00047109,             0.00047109,             0.00047109
                      3,                    1.1,                 1.4395,                 1.3649,                0.45016,                0.46476,                0.38326,                0.24356,                 1.1507,                 1.9032,                 1.4458,             0.00070596,             0.00070596,             0.00070596
                      4,                 1.1105,                  1.377,                 1.3597,                0.62911,                0.34172,                  0.414,                0.24659,                 1.3199,                 1.9599,                 1.6183,             0.00070693,             0.00070693,             0.00070693
                      5,                  1.094,                 1.3156,                 1.3586,                0.63841,                0.58169,                0.60199,                0.41723,                 1.1022,                 1.3521,                 1.4355,             0.00070458,             0.00070458,             0.00070458
                      6,                 1.0686,                 1.2714,                 1.3527,                0.63738,                0.62212,                 0.6501,                0.39686,                 1.2157,                 1.6376,                 1.4901,             0.00070222,             0.00070222,             0.00070222
                      7,                 1.0955,                 1.2587,                 1.3373,                0.71199,                0.60662,                0.68074,                0.42584,                 1.1477,                 1.1752,                 1.4344,             0.00069986,             0.00069986,             0.00069986
                      8,                 1.0632,                 1.1584,                  1.338,                0.63587,                0.68685,                0.69529,                0.49079,                 1.0642,                 1.0361,                 1.3894,             0.00069751,             0.00069751,             0.00069751
                      9,                 1.0425,                 1.1491,                  1.334,                0.77169,                0.75376,                0.81229,                0.56669,                 1.0527,                0.93277,                 1.3592,             0.00069515,             0.00069515,             0.00069515
                     10,                 1.0552,                 1.0931,                 1.3008,                0.78281,                0.64791,                0.75626,                0.52832,                 1.0473,                 1.0001,                 1.3699,             0.00069279,             0.00069279,             0.00069279
                     11,                  1.022,                 1.0976,                 1.3222,                0.74447,                 0.7507,                0.82207,                0.58379,                  1.015,                0.83248,                 1.3273,             0.00069044,             0.00069044,             0.00069044
                     12,                0.99381,                0.99846,                 1.2721,                0.75872,                0.74618,                0.82062,                 0.5937,                0.99684,                0.82711,                 1.3018,             0.00068808,             0.00068808,             0.00068808
                     13,                0.97813,                 0.9758,                 1.2687,                0.74515,                0.67695,                0.79995,                0.56959,                 1.0595,                 0.8931,                 1.3613,             0.00068573,             0.00068573,             0.00068573
                     14,                0.97892,                0.97345,                 1.2756,                 0.7511,                0.71251,                0.79486,                0.54673,                 1.0453,                0.87451,                 1.3487,             0.00068337,             0.00068337,             0.00068337
                     15,                0.97829,                0.94891,                 1.2783,                 0.7662,                0.72909,                0.81237,                0.60161,                0.96236,                 0.8196,                 1.2892,             0.00068101,             0.00068101,             0.00068101
                     16,                0.92675,                0.91646,                 1.2537,                0.81728,                0.76866,                0.85008,                0.63261,                0.96636,                0.73017,                 1.2931,             0.00067866,             0.00067866,             0.00067866
                     17,                0.95069,                0.92767,                 1.2727,                0.71879,                0.82421,                0.84994,                 0.6219,                0.96106,                0.78404,                 1.2992,              0.0006763,              0.0006763,              0.0006763
                     18,                0.98371,                0.94734,                 1.2574,                0.79662,                0.81918,                0.84448,                0.62678,                0.96131,                0.77128,                 1.2709,             0.00067394,             0.00067394,             0.00067394
                     19,                0.93481,                0.90814,                 1.2531,                0.86955,                0.73094,                0.85261,                0.62648,                 0.9929,                0.75756,                 1.3216,             0.00067159,             0.00067159,             0.00067159
                     20,                0.90316,                0.83154,                 1.2245,                0.81267,                 0.7222,                0.80906,                0.59363,                0.97855,                0.78839,                 1.2973,             0.00066923,             0.00066923,             0.00066923
                     21,                0.92854,                0.88238,                 1.2589,                0.77193,                0.76367,                 0.8472,                0.61778,                0.96726,                0.73635,                 1.2971,             0.00066688,             0.00066688,             0.00066688
                     22,                0.90734,                0.83642,                 1.2351,                0.81473,                0.80455,                0.87195,                0.63198,                0.96921,                0.73304,                 1.2956,             0.00066452,             0.00066452,             0.00066452
                     23,                0.88462,                0.79895,                 1.2136,                0.83007,                0.73395,                0.86186,                0.63904,                0.95746,                0.73467,                 1.2864,             0.00066216,             0.00066216,             0.00066216
                     24,                0.88752,                0.81169,                 1.2199,                0.76684,                0.78853,                0.84251,                 0.6232,                0.97997,                0.72693,                  1.319,             0.00065981,             0.00065981,             0.00065981
                     25,                0.90491,                0.79053,                  1.217,                0.81854,                0.76218,                 0.8698,                0.63903,                0.95969,                0.71574,                 1.2919,             0.00065745,             0.00065745,             0.00065745
                     26,                0.89028,                0.79417,                 1.2328,                0.81042,                0.79525,                0.86993,                0.65921,                0.92813,                 0.6663,                 1.2831,             0.00065509,             0.00065509,             0.00065509
                     27,                0.90107,                0.78997,                 1.2354,                0.85621,                0.77017,                0.88278,                0.67612,                 0.9463,                0.65302,                 1.2612,             0.00065274,             0.00065274,             0.00065274
                     28,                0.89241,                 0.7653,                 1.2266,                0.82518,                0.80885,                0.86269,                0.66379,                0.92232,                0.69554,                 1.2623,             0.00065038,             0.00065038,             0.00065038
                     29,                0.90483,                0.77104,                 1.2119,                0.82192,                0.80291,                0.86947,                0.64844,                  0.925,                0.66922,                 1.2635,             0.00064803,             0.00064803,             0.00064803
                     30,                0.86322,                0.75699,                 1.2094,                0.80544,                0.74609,                 0.8323,                 0.6215,                0.94806,                0.68612,                 1.2675,             0.00064567,             0.00064567,             0.00064567
                     31,                0.84808,                0.74658,                 1.1892,                0.80517,                0.80515,                0.85656,                0.64476,                0.93867,                0.65094,                 1.2956,             0.00064331,             0.00064331,             0.00064331
                     32,                0.84671,                 0.7452,                 1.1937,                0.84738,                0.76044,                0.83958,                 0.6294,                0.94344,                0.70332,                 1.2797,             0.00064096,             0.00064096,             0.00064096
                     33,                0.82495,                0.75726,                 1.1997,                0.88642,                0.73296,                0.86547,                0.65058,                0.95779,                0.64879,                 1.2997,              0.0006386,              0.0006386,              0.0006386
                     34,                0.82598,                0.69722,                 1.1814,                0.81565,                0.81232,                0.88353,                0.66323,                 0.9399,                0.63157,                 1.2769,             0.00063625,             0.00063625,             0.00063625
                     35,                0.81281,                 0.6851,                 1.1582,                0.85716,                0.73189,                0.85921,                0.64847,                0.92019,                0.66441,                 1.2739,             0.00063389,             0.00063389,             0.00063389
                     36,                0.84124,                0.67864,                 1.1715,                0.82056,                0.79652,                0.85589,                0.63851,                0.94794,                0.61919,                 1.2768,             0.00063153,             0.00063153,             0.00063153
                     37,                0.86304,                0.70393,                 1.1825,                0.85974,                0.82583,                0.87374,                0.66021,                0.94519,                0.63187,                 1.2909,             0.00062918,             0.00062918,             0.00062918
                     38,                0.84622,                0.74719,                 1.1985,                0.86573,                0.78782,                0.87348,                0.64503,                0.94022,                0.62721,                  1.276,             0.00062682,             0.00062682,             0.00062682
                     39,                0.85537,                0.67812,                 1.1864,                0.82001,                0.79776,                0.87266,                0.65291,                0.93453,                0.64688,                 1.2648,             0.00062446,             0.00062446,             0.00062446
                     40,                0.83705,                0.69594,                 1.1756,                0.80506,                0.78511,                0.85978,                0.65045,                 0.9386,                0.63827,                  1.281,             0.00062211,             0.00062211,             0.00062211
                     41,                0.82896,                0.65875,                 1.1669,                0.86498,                0.79669,                0.86902,                0.65431,                0.95969,                0.62367,                 1.3047,             0.00061975,             0.00061975,             0.00061975
                     42,                 0.8061,                0.65346,                 1.1563,                0.83797,                 0.8263,                 0.8834,                0.67156,                0.92574,                0.60264,                 1.2493,              0.0006174,              0.0006174,              0.0006174
                     43,                0.80468,                0.65974,                 1.1682,                0.84882,                0.76511,                0.85684,                0.64266,                0.92171,                0.62894,                 1.2662,             0.00061504,             0.00061504,             0.00061504
                     44,                0.81357,                0.63984,                 1.1571,                0.88838,                0.81961,                0.90278,                0.68784,                0.94693,                0.59834,                 1.2807,             0.00061268,             0.00061268,             0.00061268
                     45,                0.79871,                0.64056,                  1.141,                0.82794,                0.84218,                0.87894,                0.66595,                0.94954,                0.63729,                 1.2782,             0.00061033,             0.00061033,             0.00061033
                     46,                0.79888,                  0.644,                  1.167,                  0.914,                0.77958,                0.89232,                 0.6795,                0.92822,                0.61313,                 1.2623,             0.00060797,             0.00060797,             0.00060797
                     47,                0.77647,                0.58954,                 1.1309,                0.86274,                0.81773,                0.90064,                0.67816,                0.92505,                0.59818,                 1.2476,             0.00060561,             0.00060561,             0.00060561
                     48,                0.78117,                0.62283,                 1.1535,                0.88024,                0.77374,                0.87433,                0.65918,                0.92681,                0.66314,                 1.2575,             0.00060326,             0.00060326,             0.00060326
                     49,                0.80911,                0.63651,                 1.1704,                0.84134,                0.74947,                0.83675,                0.62751,                0.93785,                0.64631,                 1.2885,              0.0006009,              0.0006009,              0.0006009
                     50,                 0.8119,                0.60994,                 1.1574,                0.81752,                0.84323,                0.88368,                0.66538,                0.93003,                0.62374,                 1.2846,             0.00059855,             0.00059855,             0.00059855
                     51,                0.79519,                0.60627,                 1.1357,                0.86314,                0.83131,                0.90445,                0.67968,                0.92003,                0.59078,                 1.2731,             0.00059619,             0.00059619,             0.00059619
                     52,                0.77785,                0.61616,                 1.1338,                0.88426,                0.77381,                 0.8782,                 0.6626,                0.94141,                0.63502,                 1.2856,             0.00059383,             0.00059383,             0.00059383
                     53,                  0.772,                0.58739,                 1.1268,                0.90441,                0.78767,                0.89932,                0.67191,                0.90544,                 0.6057,                 1.2587,             0.00059148,             0.00059148,             0.00059148
                     54,                0.78189,                0.61292,                 1.1511,                0.88769,                0.77383,                0.88809,                0.66699,                0.93741,                0.61077,                 1.2663,             0.00058912,             0.00058912,             0.00058912
                     55,                 0.7959,                0.59611,                 1.1433,                 0.8483,                0.79365,                0.87451,                0.67192,                0.92738,                  0.613,                 1.2676,             0.00058677,             0.00058677,             0.00058677
                     56,                0.79071,                0.59506,                 1.1295,                0.88712,                0.81436,                0.90484,                0.69993,                0.90791,                0.60772,                 1.2579,             0.00058441,             0.00058441,             0.00058441
                     57,                 0.7593,                0.59691,                 1.1461,                 0.8459,                0.81471,                0.88991,                0.66157,                0.93977,                 0.5913,                 1.2797,             0.00058205,             0.00058205,             0.00058205
                     58,                0.75526,                 0.5481,                 1.1124,                0.84575,                0.84054,                0.89288,                0.67282,                0.90747,                0.59411,                 1.2432,              0.0005797,              0.0005797,              0.0005797
                     59,                 0.7497,                0.57421,                 1.1126,                0.83085,                0.84112,                0.89108,                0.68208,                0.89081,                0.58958,                 1.2473,             0.00057734,             0.00057734,             0.00057734
                     60,                 0.7652,                0.57674,                 1.1347,                0.81534,                 0.8023,                0.88642,                 0.6721,                0.94882,                0.61979,                 1.2905,             0.00057498,             0.00057498,             0.00057498
                     61,                 0.7461,                0.55959,                   1.12,                0.89546,                0.78029,                0.87363,                 0.6624,                0.92997,                0.60852,                 1.2493,             0.00057263,             0.00057263,             0.00057263
                     62,                 0.7516,                0.56012,                 1.1227,                 0.8688,                0.79802,                0.88412,                 0.6778,                0.91098,                0.62991,                 1.2417,             0.00057027,             0.00057027,             0.00057027
                     63,                0.74726,                0.57502,                 1.1267,                0.84699,                0.80318,                0.86438,                0.65341,                0.93265,                0.58391,                 1.2834,             0.00056792,             0.00056792,             0.00056792
                     64,                0.71233,                0.54784,                  1.107,                 0.8286,                0.87129,                0.91337,                 0.7022,                 0.9162,                0.55792,                 1.2637,             0.00056556,             0.00056556,             0.00056556
                     65,                0.75783,                0.57697,                 1.1246,                0.86772,                0.79896,                0.87538,                0.66487,                0.90578,                0.59628,                 1.2565,              0.0005632,              0.0005632,              0.0005632
                     66,                0.73445,                0.54056,                 1.1185,                 0.8044,                0.82842,                0.88227,                0.67819,                0.91635,                0.61355,                 1.2451,             0.00056085,             0.00056085,             0.00056085
                     67,                0.74006,                0.54899,                 1.1113,                0.91478,                0.79421,                0.90274,                0.67712,                0.94571,                0.59561,                 1.2871,             0.00055849,             0.00055849,             0.00055849
                     68,                0.75741,                0.54773,                 1.1272,                0.87997,                 0.8392,                0.91135,                0.70114,                0.92508,                0.58313,                  1.258,             0.00055613,             0.00055613,             0.00055613
                     69,                0.71354,                0.54018,                 1.0953,                0.90259,                0.76448,                0.88547,                0.67689,                0.91872,                0.59152,                 1.2724,             0.00055378,             0.00055378,             0.00055378
                     70,                0.73672,                 0.5484,                 1.1153,                0.89571,                 0.8016,                0.90031,                0.67148,                0.93694,                0.61305,                 1.2934,             0.00055142,             0.00055142,             0.00055142
                     71,                0.70993,                0.53607,                 1.0953,                0.88506,                0.82512,                0.91228,                0.69811,                0.92668,                0.59032,                 1.2843,             0.00054907,             0.00054907,             0.00054907
                     72,                0.72319,                0.53389,                 1.1192,                0.83951,                 0.8373,                0.89634,                0.67771,                0.92978,                0.60405,                 1.2811,             0.00054671,             0.00054671,             0.00054671
                     73,                0.72615,                0.53413,                 1.1001,                0.85143,                0.80576,                0.89172,                0.66924,                0.92679,                0.59918,                 1.2873,             0.00054435,             0.00054435,             0.00054435
                     74,                0.71274,                0.50251,                 1.0944,                0.87752,                0.78994,                 0.8884,                 0.6859,                0.93432,                0.60955,                 1.2829,               0.000542,               0.000542,               0.000542
                     75,                0.69774,                0.54228,                 1.1079,                0.89683,                0.81373,                0.88754,                0.68601,                0.89721,                0.57937,                 1.2635,             0.00053964,             0.00053964,             0.00053964
                     76,                 0.6867,                0.50406,                 1.0894,                0.91329,                0.80319,                0.89121,                0.68076,                0.91012,                0.58197,                 1.2626,             0.00053728,             0.00053728,             0.00053728
                     77,                 0.7225,                0.50277,                  1.086,                0.89618,                0.79563,                0.89676,                0.68354,                0.90787,                0.56606,                 1.2576,             0.00053493,             0.00053493,             0.00053493
                     78,                0.72468,                0.53114,                 1.0997,                0.84925,                0.82055,                 0.8891,                0.67689,                0.91091,                0.59341,                 1.2658,             0.00053257,             0.00053257,             0.00053257
                     79,                0.68274,                0.51056,                 1.1115,                0.86723,                0.80201,                0.88391,                0.67815,                0.90998,                0.59623,                 1.2686,             0.00053022,             0.00053022,             0.00053022
                     80,                0.69742,                0.50093,                 1.0786,                 0.8709,                0.81935,                0.89735,                0.68918,                0.89385,                0.57496,                 1.2374,             0.00052786,             0.00052786,             0.00052786
                     81,                0.68733,                0.48556,                 1.0872,                0.82745,                0.84255,                0.89347,                0.68833,                0.92184,                0.56688,                 1.2949,              0.0005255,              0.0005255,              0.0005255
                     82,                0.69244,                  0.494,                 1.0906,                0.82182,                0.81766,                0.88271,                0.66761,                0.91064,                0.61113,                 1.2686,             0.00052315,             0.00052315,             0.00052315
                     83,                0.66568,                0.49699,                 1.0857,                0.82746,                0.76531,                0.85158,                0.64663,                0.93732,                0.61539,                  1.295,             0.00052079,             0.00052079,             0.00052079
                     84,                 0.7026,                0.50807,                 1.0797,                0.84135,                0.81567,                0.90132,                0.69359,                 0.9046,                0.56487,                 1.2685,             0.00051844,             0.00051844,             0.00051844
                     85,                0.70363,                 0.4849,                 1.0853,                0.85596,                0.79808,                0.86702,                0.67422,                0.92651,                0.61548,                  1.272,             0.00051608,             0.00051608,             0.00051608
                     86,                0.70525,                0.51353,                 1.0987,                0.88902,                0.80933,                0.88486,                0.68092,                0.92882,                0.58834,                 1.2724,             0.00051372,             0.00051372,             0.00051372
                     87,                0.68221,                0.48725,                 1.0852,                0.87537,                0.78562,                0.87688,                0.66426,                0.92301,                0.65193,                 1.2692,             0.00051137,             0.00051137,             0.00051137
                     88,                0.66544,                0.46601,                  1.064,                0.86183,                0.80862,                0.88736,                0.67724,                 0.9316,                0.56993,                 1.2766,             0.00050901,             0.00050901,             0.00050901
                     89,                 0.7095,                0.48534,                 1.0854,                0.89392,                0.79717,                0.88624,                0.67707,                0.92845,                0.57981,                 1.2789,             0.00050665,             0.00050665,             0.00050665
                     90,                0.70425,                0.48353,                 1.0712,                0.88514,                0.78836,                 0.8776,                0.66717,                0.93733,                0.61209,                 1.2831,              0.0005043,              0.0005043,              0.0005043
                     91,                0.65825,                0.47496,                 1.0707,                0.86321,                0.81876,                0.88734,                0.66922,                0.93323,                0.58127,                 1.3083,             0.00050194,             0.00050194,             0.00050194
                     92,                0.69102,                0.49447,                  1.083,                0.88526,                0.79522,                 0.8732,                0.67958,                0.92951,                0.57018,                 1.2956,             0.00049959,             0.00049959,             0.00049959
                     93,                0.65964,                0.48449,                 1.0787,                 0.8899,                0.81619,                0.89459,                0.67899,                0.92438,                0.60171,                 1.2787,             0.00049723,             0.00049723,             0.00049723
                     94,                0.65298,                0.46431,                 1.0696,                0.92684,                0.77383,                0.89622,                0.69203,                0.92599,                0.59164,                  1.268,             0.00049487,             0.00049487,             0.00049487
                     95,                0.66813,                0.46763,                 1.0723,                0.87223,                0.81562,                0.90068,                0.68968,                0.93948,                0.59078,                 1.2687,             0.00049252,             0.00049252,             0.00049252
                     96,                0.66252,                0.45064,                 1.0541,                0.89384,                0.82192,                0.90375,                0.69274,                0.90035,                0.56692,                 1.2484,             0.00049016,             0.00049016,             0.00049016
                     97,                0.64338,                0.45948,                 1.0427,                0.89894,                 0.8206,                0.89656,                0.68771,                0.91745,                0.57688,                 1.2526,              0.0004878,              0.0004878,              0.0004878
                     98,                0.66732,                 0.4763,                 1.0704,                0.89245,                0.83029,                0.89245,                0.68716,                0.92569,                0.60259,                 1.2748,             0.00048545,             0.00048545,             0.00048545
                     99,                0.66215,                0.46083,                 1.0484,                0.89834,                 0.7969,                0.89287,                0.68721,                 0.9208,                0.57798,                 1.2796,             0.00048309,             0.00048309,             0.00048309
                    100,                0.65679,                0.45181,                 1.0577,                  0.861,                0.80042,                0.87353,                0.67818,                0.89446,                0.61634,                 1.2568,             0.00048074,             0.00048074,             0.00048074
                    101,                0.65402,                0.44725,                 1.0612,                0.88807,                0.82128,                0.89611,                0.67757,                0.93529,                0.56059,                  1.279,             0.00047838,             0.00047838,             0.00047838
                    102,                0.64307,                0.43855,                 1.0481,                0.88756,                0.83723,                0.90537,                0.69808,                0.93369,                0.56354,                 1.2889,             0.00047602,             0.00047602,             0.00047602
                    103,                0.65088,                0.44059,                 1.0419,                0.85777,                0.84661,                0.89712,                0.69075,                0.90596,                  0.576,                 1.2752,             0.00047367,             0.00047367,             0.00047367
                    104,                 0.6261,                0.44061,                 1.0516,                0.90667,                0.78295,                0.88231,                0.68829,                0.91397,                0.58344,                 1.2657,             0.00047131,             0.00047131,             0.00047131
                    105,                0.65133,                0.44715,                  1.058,                0.87766,                0.83264,                0.91292,                0.71179,                0.88811,                0.54933,                 1.2501,             0.00046896,             0.00046896,             0.00046896
                    106,                0.61506,                0.43683,                 1.0442,                0.85007,                0.82556,                0.90305,                0.69557,                0.91916,                 0.5815,                 1.2559,              0.0004666,              0.0004666,              0.0004666
                    107,                 0.6445,                0.45469,                 1.0622,                  0.839,                 0.8476,                 0.9042,                0.69442,                0.91805,                0.56175,                 1.2624,             0.00046424,             0.00046424,             0.00046424
                    108,                0.64796,                0.44782,                  1.055,                0.86233,                0.84124,                0.89694,                0.68029,                0.93114,                0.59125,                 1.2963,             0.00046189,             0.00046189,             0.00046189
                    109,                0.63022,                0.44797,                 1.0568,                 0.8475,                0.83228,                 0.8878,                0.67877,                0.94769,                0.55765,                 1.3146,             0.00045953,             0.00045953,             0.00045953
                    110,                0.63905,                0.42247,                 1.0396,                0.83938,                0.83389,                 0.8809,                0.68576,                0.91193,                0.60761,                 1.2728,             0.00045717,             0.00045717,             0.00045717
                    111,                0.61564,                0.44474,                 1.0434,                0.86487,                0.82132,                0.88047,                0.67648,                0.92963,                0.60944,                  1.281,             0.00045482,             0.00045482,             0.00045482
                    112,                0.62674,                0.44641,                 1.0434,                0.84518,                0.84996,                0.90591,                0.68388,                0.91519,                0.55868,                 1.2497,             0.00045246,             0.00045246,             0.00045246
                    113,                 0.6168,                0.43476,                 1.0233,                 0.8302,                0.83939,                0.90729,                0.69389,                0.89633,                0.55333,                 1.2573,             0.00045011,             0.00045011,             0.00045011
                    114,                0.64457,                0.43882,                 1.0323,                0.89034,                0.81711,                0.91206,                0.69083,                0.92443,                 0.5614,                 1.2832,             0.00044775,             0.00044775,             0.00044775
                    115,                0.60138,                0.41602,                 1.0374,                0.87342,                0.81279,                 0.9055,                0.67915,                0.93843,                0.56733,                 1.2955,             0.00044539,             0.00044539,             0.00044539
                    116,                0.63411,                0.43161,                 1.0454,                0.91699,                 0.8188,                0.89961,                0.69036,                0.91104,                0.58224,                 1.2792,             0.00044304,             0.00044304,             0.00044304
                    117,                0.62577,                0.42247,                 1.0402,                0.82302,                 0.8646,                0.90295,                0.69704,                0.92825,                0.57883,                 1.2794,             0.00044068,             0.00044068,             0.00044068
                    118,                0.61568,                0.42765,                 1.0298,                0.85567,                0.81532,                0.88621,                0.66925,                0.94331,                0.60166,                 1.3023,             0.00043832,             0.00043832,             0.00043832
                    119,                0.58661,                0.41829,                 1.0412,                0.90603,                0.76652,                0.88002,                0.67186,                0.93478,                0.59881,                 1.3004,             0.00043597,             0.00043597,             0.00043597
                    120,                0.61543,                 0.4225,                 1.0259,                0.87026,                0.81518,                0.88583,                0.67715,                0.91812,                0.58725,                 1.2704,             0.00043361,             0.00043361,             0.00043361
                    121,                0.57359,                0.40849,                 1.0261,                 0.8618,                0.82459,                0.89594,                0.69364,                0.91808,                  0.577,                 1.2998,             0.00043126,             0.00043126,             0.00043126
                    122,                0.58725,                0.40584,                 1.0329,                0.83851,                0.82363,                0.88914,                0.68911,                0.91968,                0.58683,                 1.2813,              0.0004289,              0.0004289,              0.0004289
                    123,                0.60048,                0.41793,                 1.0271,                0.83847,                 0.7834,                0.85972,                0.65519,                 0.9306,                0.63585,                 1.3099,             0.00042654,             0.00042654,             0.00042654
                    124,                0.59836,                0.41194,                 1.0163,                0.86692,                0.81916,                0.89284,                0.67899,                0.93682,                0.60325,                 1.2896,             0.00042419,             0.00042419,             0.00042419
                    125,                0.62397,                0.43026,                 1.0412,                 0.8459,                0.84958,                0.89742,                0.69264,                0.92876,                 0.5848,                 1.2928,             0.00042183,             0.00042183,             0.00042183
                    126,                0.59826,                0.39019,                 1.0268,                0.87229,                0.81691,                0.89847,                0.68727,                0.92131,                0.61378,                  1.275,             0.00041947,             0.00041947,             0.00041947
                    127,                0.59482,                0.40304,                 1.0254,                0.86726,                0.85333,                 0.8962,                 0.6836,                0.94342,                0.57421,                 1.2986,             0.00041712,             0.00041712,             0.00041712
                    128,                0.58691,                0.39828,                 1.0161,                0.88761,                0.79504,                0.89379,                0.67623,                0.94844,                0.63351,                 1.2992,             0.00041476,             0.00041476,             0.00041476
                    129,                0.58298,                 0.4136,                 1.0311,                 0.8745,                0.83556,                0.90425,                0.68299,                0.95215,                0.57475,                 1.3111,             0.00041241,             0.00041241,             0.00041241
                    130,                0.56565,                0.39539,                 1.0266,                0.85667,                0.83313,                0.89017,                0.67704,                0.93937,                0.60321,                 1.3133,             0.00041005,             0.00041005,             0.00041005
                    131,                 0.5916,                0.39957,                 1.0233,                0.88389,                 0.8222,                0.88915,                0.68716,                0.92376,                0.58006,                 1.3013,             0.00040769,             0.00040769,             0.00040769
                    132,                0.56902,                0.39528,                 1.0332,                0.88397,                0.77778,                0.88042,                0.68059,                0.92444,                0.61092,                 1.2875,             0.00040534,             0.00040534,             0.00040534
                    133,                0.59614,                0.41229,                 1.0392,                0.86508,                0.80515,                 0.8794,                0.67622,                0.92724,                0.59158,                 1.2962,             0.00040298,             0.00040298,             0.00040298
                    134,                0.59303,                0.39143,                 1.0298,                0.83125,                0.85152,                0.89617,                0.68547,                 0.9207,                0.56932,                  1.286,             0.00040063,             0.00040063,             0.00040063
                    135,                0.56556,                 0.3805,                 1.0123,                 0.8643,                0.81898,                0.88687,                0.68424,                0.92508,                0.58858,                 1.2963,             0.00039827,             0.00039827,             0.00039827
                    136,                 0.5705,                 0.3835,                 1.0103,                0.89246,                0.79903,                0.89874,                0.68486,                0.92679,                0.58828,                 1.2752,             0.00039591,             0.00039591,             0.00039591
                    137,                0.57834,                0.37588,                 1.0146,                0.85785,                0.79305,                 0.8829,                0.68089,                0.91642,                0.61181,                 1.2886,             0.00039356,             0.00039356,             0.00039356
                    138,                0.56836,                0.38861,                 1.0114,                 0.8779,                 0.8139,                0.90464,                0.68769,                 0.9141,                0.57192,                 1.2815,              0.0003912,              0.0003912,              0.0003912
                    139,                0.56878,                0.37558,                 1.0022,                 0.8436,                0.84393,                 0.9018,                0.69702,                0.90671,                0.56018,                 1.2659,             0.00038884,             0.00038884,             0.00038884
                    140,                0.56336,                  0.378,                 1.0136,                0.83088,                0.84346,                0.89345,                0.69088,                0.90795,                0.57444,                 1.2858,             0.00038649,             0.00038649,             0.00038649
                    141,                0.57759,                0.39574,                 1.0173,                0.90136,                0.79489,                0.90052,                0.69055,                0.91887,                0.58488,                 1.3059,             0.00038413,             0.00038413,             0.00038413
                    142,                0.55752,                 0.3916,                 1.0207,                 0.8329,                0.83823,                0.86823,                0.67073,                0.92462,                0.62914,                 1.3024,             0.00038178,             0.00038178,             0.00038178
                    143,                0.55138,                0.37507,                 1.0003,                0.86143,                0.83275,                0.89258,                0.69693,                0.91795,                0.57926,                 1.2938,             0.00037942,             0.00037942,             0.00037942
                    144,                 0.5587,                0.37301,                 1.0046,                0.89384,                0.79217,                0.89673,                0.68258,                0.95217,                0.56059,                 1.3315,             0.00037706,             0.00037706,             0.00037706
                    145,                 0.5541,                0.38317,                 1.0214,                0.88137,                0.81549,                0.88198,                0.67763,                0.94819,                0.60615,                 1.3265,             0.00037471,             0.00037471,             0.00037471
                    146,                0.57117,                0.37917,                 1.0058,                0.88023,                0.82609,                0.90389,                0.68906,                0.95183,                0.55539,                 1.3191,             0.00037235,             0.00037235,             0.00037235
                    147,                0.56921,                0.38985,                 1.0208,                0.85332,                0.81448,                 0.8815,                0.66875,                0.93732,                0.59804,                 1.3179,             0.00036999,             0.00036999,             0.00036999
                    148,                0.57341,                0.39541,                 1.0088,                0.86025,                0.82342,                 0.8742,                0.67431,                0.92121,                0.60023,                  1.291,             0.00036764,             0.00036764,             0.00036764
                    149,                0.53273,                0.36296,                0.99895,                 0.8647,                0.79956,                0.88777,                0.67653,                0.91818,                0.59205,                 1.2983,             0.00036528,             0.00036528,             0.00036528
                    150,                 0.5916,                0.38217,                 1.0124,                0.84203,                0.81747,                0.87064,                0.66506,                 0.9217,                0.61101,                 1.2979,             0.00036293,             0.00036293,             0.00036293
                    151,                0.53737,                0.36439,                 0.9903,                0.82829,                0.84761,                0.89332,                0.69224,                0.92188,                0.60349,                 1.3014,             0.00036057,             0.00036057,             0.00036057
                    152,                  0.566,                0.37689,                0.99586,                0.87668,                0.83167,                0.91283,                0.70283,                0.90428,                0.57198,                 1.2833,             0.00035821,             0.00035821,             0.00035821
                    153,                0.56331,                0.37009,                 1.0068,                0.84526,                0.86325,                0.91046,                0.70211,                0.90881,                0.58443,                 1.2878,             0.00035586,             0.00035586,             0.00035586
                    154,                0.55817,                0.37313,                 1.0032,                0.88407,                0.80635,                0.89477,                0.68872,                 0.9221,                0.58354,                 1.3028,              0.0003535,              0.0003535,              0.0003535
                    155,                0.52037,                0.36731,                0.99191,                0.83947,                0.81968,                0.88848,                0.68042,                0.93358,                0.59446,                 1.3077,             0.00035115,             0.00035115,             0.00035115
                    156,                0.53923,                0.35729,                0.98419,                0.87567,                0.81228,                 0.9041,                0.70238,                0.90872,                0.55555,                 1.2929,             0.00034879,             0.00034879,             0.00034879
                    157,                0.53915,                0.35692,                0.97614,                0.85184,                0.84409,                0.89618,                0.69913,                0.94114,                0.58436,                  1.322,             0.00034643,             0.00034643,             0.00034643
                    158,                0.54523,                0.36864,                0.98955,                0.87271,                0.82102,                0.89653,                0.68839,                0.95161,                0.61994,                  1.318,             0.00034408,             0.00034408,             0.00034408
                    159,                0.54251,                0.37612,                 1.0027,                0.84338,                0.84798,                0.90364,                0.69403,                0.92322,                0.57453,                 1.3113,             0.00034172,             0.00034172,             0.00034172
                    160,                0.53065,                0.35542,                 1.0023,                0.84219,                0.81962,                 0.8853,                0.68755,                0.92745,                0.56957,                 1.3326,             0.00033936,             0.00033936,             0.00033936
                    161,                0.52823,                0.35761,                0.98369,                0.90355,                0.76724,                0.88144,                0.67327,                0.94912,                0.61728,                 1.3255,             0.00033701,             0.00033701,             0.00033701
                    162,                0.52318,                0.35227,                0.98616,                0.91752,                0.81588,                0.90411,                0.69866,                0.94243,                0.59223,                 1.3279,             0.00033465,             0.00033465,             0.00033465
                    163,                 0.5308,                0.36006,                  0.979,                0.89789,                0.81859,                0.89985,                0.69127,                0.95233,                0.58053,                 1.3314,              0.0003323,              0.0003323,              0.0003323
                    164,                0.51822,                0.34109,                0.98663,                0.86743,                0.83586,                0.89484,                0.68259,                0.95626,                0.58066,                 1.3475,             0.00032994,             0.00032994,             0.00032994
                    165,                0.51645,                0.34151,                0.97738,                  0.886,                0.83223,                0.89765,                0.69248,                0.95632,                0.58738,                 1.3371,             0.00032758,             0.00032758,             0.00032758
                    166,                0.53589,                0.35082,                0.98193,                0.89579,                0.76994,                0.87552,                0.66876,                0.96095,                 0.6292,                 1.3403,             0.00032523,             0.00032523,             0.00032523
                    167,                0.52294,                0.35087,                0.98837,                0.87781,                0.78773,                0.88518,                0.67624,                0.93912,                0.59307,                 1.3308,             0.00032287,             0.00032287,             0.00032287
                    168,                0.54791,                0.36178,                 0.9916,                0.85648,                0.81825,                0.88171,                0.67624,                0.95551,                0.58335,                  1.345,             0.00032051,             0.00032051,             0.00032051
                    169,                0.50182,                0.35072,                0.98006,                0.88854,                0.81134,                0.88433,                0.68405,                0.93571,                0.60873,                 1.3299,             0.00031816,             0.00031816,             0.00031816
                    170,                0.51094,                0.35029,                 0.9784,                0.89293,                0.79953,                0.87957,                0.68708,                 0.9363,                0.60738,                 1.3225,              0.0003158,              0.0003158,              0.0003158
                    171,                0.51941,                0.35673,                0.99236,                0.88963,                0.80594,                0.88403,                0.69412,                0.93854,                0.59491,                 1.3344,             0.00031345,             0.00031345,             0.00031345
                    172,                0.49401,                0.33448,                0.98868,                0.89736,                0.78954,                0.87965,                0.69479,                0.92257,                 0.6013,                 1.3199,             0.00031109,             0.00031109,             0.00031109
                    173,                0.50544,                 0.3348,                0.98501,                0.91528,                0.81102,                0.90016,                0.69515,                0.94663,                 0.5909,                  1.337,             0.00030873,             0.00030873,             0.00030873
                    174,                0.50416,                 0.3425,                0.97712,                 0.8377,                0.82685,                0.87439,                0.68466,                 0.9263,                0.59249,                 1.3194,             0.00030638,             0.00030638,             0.00030638
                    175,                0.50655,                0.34412,                0.97414,                0.88818,                0.82297,                0.89457,                0.70069,                0.93911,                 0.5827,                 1.3336,             0.00030402,             0.00030402,             0.00030402
                    176,                0.52413,                 0.3512,                0.99284,                0.82055,                 0.8209,                0.88151,                0.68441,                0.93584,                0.59541,                 1.3197,             0.00030167,             0.00030167,             0.00030167
                    177,                0.50757,                0.34234,                0.97235,                 0.8595,                0.81497,                0.87604,                 0.6732,                0.95511,                0.60308,                 1.3266,             0.00029931,             0.00029931,             0.00029931
                    178,                0.50803,                0.34394,                0.98273,                0.90663,                0.78398,                0.89765,                0.69522,                0.94903,                0.59298,                 1.3436,             0.00029695,             0.00029695,             0.00029695
                    179,                0.49455,                0.33205,                0.98488,                0.88084,                0.81635,                0.90042,                0.69661,                0.93842,                0.59884,                 1.3361,              0.0002946,              0.0002946,              0.0002946
                    180,                 0.5014,                0.33758,                0.97174,                0.85791,                0.79164,                0.88254,                0.67597,                0.94543,                0.60135,                 1.3325,             0.00029224,             0.00029224,             0.00029224
                    181,                0.50669,                0.33703,                0.98491,                0.83598,                0.84967,                0.88701,                0.69476,                0.94695,                0.58983,                 1.3229,             0.00028988,             0.00028988,             0.00028988
                    182,                 0.4846,                0.33284,                0.96144,                0.88369,                0.81246,                 0.8923,                 0.6893,                0.93989,                0.61006,                 1.3254,             0.00028753,             0.00028753,             0.00028753
                    183,                0.49874,                0.33181,                0.97106,                0.90569,                0.80348,                0.88063,                0.68777,                0.92623,                0.61784,                 1.3052,             0.00028517,             0.00028517,             0.00028517
                    184,                0.51319,                0.33562,                0.96698,                0.84873,                0.81473,                0.88518,                0.67993,                0.92757,                0.60923,                  1.313,             0.00028282,             0.00028282,             0.00028282
                    185,                0.50108,                 0.3255,                0.96861,                0.89351,                0.80376,                0.89765,                0.69275,                0.93507,                0.59019,                 1.3301,             0.00028046,             0.00028046,             0.00028046
                    186,                0.50963,                0.33317,                0.98719,                 0.9041,                0.80936,                 0.9017,                0.69293,                0.95224,                0.62008,                 1.3455,              0.0002781,              0.0002781,              0.0002781
                    187,                 0.4886,                0.32361,                0.96114,                0.85547,                0.82231,                0.88807,                0.68539,                0.94162,                0.59844,                 1.3327,             0.00027575,             0.00027575,             0.00027575
                    188,                0.47826,                0.32757,                0.97802,                0.92867,                0.78647,                0.89474,                0.67554,                0.96135,                0.58204,                 1.3525,             0.00027339,             0.00027339,             0.00027339
                    189,                0.50267,                0.32605,                0.97614,                0.88851,                0.79695,                0.89066,                0.68877,                0.95424,                0.57837,                 1.3489,             0.00027103,             0.00027103,             0.00027103
                    190,                0.47521,                0.31909,                0.97272,                 0.8842,                0.82781,                0.88692,                0.69453,                0.95308,                0.61999,                 1.3428,             0.00026868,             0.00026868,             0.00026868
                    191,                0.49095,                0.32659,                0.98077,                0.88312,                0.82805,                0.89532,                0.69759,                0.94789,                0.58054,                 1.3475,             0.00026632,             0.00026632,             0.00026632
                    192,                0.47935,                0.32035,                 0.9673,                 0.8781,                0.82156,                0.87261,                0.67676,                0.94211,                0.61297,                 1.3408,             0.00026397,             0.00026397,             0.00026397
                    193,                0.48412,                0.32345,                 0.9664,                0.86479,                0.84596,                  0.898,                0.69821,                0.95078,                0.57566,                  1.347,             0.00026161,             0.00026161,             0.00026161
                    194,                0.47781,                0.30882,                0.95879,                0.92252,                0.78843,                0.89094,                0.69945,                 0.9449,                0.59874,                 1.3449,             0.00025925,             0.00025925,             0.00025925
                    195,                0.46399,                0.31333,                0.94993,                 0.9014,                0.81183,                0.89483,                0.69814,                 0.9665,                0.59441,                 1.3558,              0.0002569,              0.0002569,              0.0002569
                    196,                0.47259,                0.31432,                0.95368,                0.86252,                0.84113,                0.90285,                0.70028,                0.94851,                0.59026,                 1.3321,             0.00025454,             0.00025454,             0.00025454
                    197,                0.48413,                0.31166,                0.96357,                0.84505,                0.80425,                0.89202,                0.68429,                 0.9557,                0.59694,                 1.3447,             0.00025218,             0.00025218,             0.00025218
                    198,                0.45736,                0.30906,                0.96041,                0.82999,                 0.8059,                0.87989,                0.68905,                0.94978,                0.60077,                 1.3252,             0.00024983,             0.00024983,             0.00024983
                    199,                 0.4806,                0.32061,                0.95541,                0.82883,                0.83094,                0.87754,                 0.6737,                0.95941,                0.61347,                 1.3359,             0.00024747,             0.00024747,             0.00024747
                    200,                0.47599,                0.30961,                 0.9732,                0.84177,                0.82934,                0.88723,                0.68252,                0.94463,                0.60812,                 1.3392,             0.00024512,             0.00024512,             0.00024512
                    201,                 0.4745,                0.31952,                0.95158,                0.87105,                0.80877,                0.88302,                0.68759,                0.94914,                0.61837,                 1.3457,             0.00024276,             0.00024276,             0.00024276
                    202,                0.47677,                0.31544,                0.96919,                0.86516,                 0.8539,                0.89801,                0.69783,                0.95266,                0.60488,                 1.3446,              0.0002404,              0.0002404,              0.0002404
                    203,                0.47271,                0.31467,                0.95619,                0.89702,                0.83401,                0.89319,                0.70211,                0.94206,                0.59587,                 1.3379,             0.00023805,             0.00023805,             0.00023805
                    204,                0.47338,                0.31401,                0.95847,                0.88382,                 0.8164,                0.88385,                0.68418,                0.96438,                0.61557,                 1.3686,             0.00023569,             0.00023569,             0.00023569
                    205,                 0.4737,                0.32205,                0.97207,                0.91825,                0.77233,                0.88952,                0.68287,                0.94854,                0.60269,                 1.3507,             0.00023334,             0.00023334,             0.00023334
